,entity,incoming_domestic_amount_30,incoming_domestic_amount_60,incoming_domestic_amount_90,outgoing_domestic_amount_30,outgoing_domestic_amount_60,outgoing_domestic_amount_90,incoming_foreign_amount_30,incoming_foreign_amount_60,incoming_foreign_amount_90,outgoing_foreign_amount_30,outgoing_foreign_amount_60,outgoing_foreign_amount_90,incoming_domestic_count_30,incoming_domestic_count_60,incoming_domestic_count_90,outgoing_domestic_count_30,outgoing_domestic_count_60,outgoing_domestic_count_90,incoming_foreign_count_30,incoming_foreign_count_60,incoming_foreign_count_90,outgoing_foreign_count_30,outgoing_foreign_count_60,outgoing_foreign_count_90,balance_difference_30,balance_difference_60,balance_difference_90,isFraud
0,C1959239586,0.0,0.0,0.0,1065.41,1065.41,1065.41,0.0,0.0,0.0,0.0,0.0,0.0,1,1,1,0,0,0,0,0,0,0,0,0,-1065.41,-1065.41,-1065.41,0
1,C515132998,4893143.86,5308368.21,5308368.21,2370100.4299999997,2370100.4299999997,2370100.4299999997,3631940.72,3631940.72,3631940.72,8114189.23,8114189.23,8114189.23,23,25,25,13,13,13,4,4,4,9,9,9,0.0,0.0,0.0,0
2,C1984094095,0.0,0.0,0.0,0.0,0.0,0.0,311685.89,311685.89,311685.89,0.0,0.0,0.0,0,0,0,0,0,0,1,1,1,0,0,0,311685.89,311685.89,311685.89,0
3,C932583850,8190249.950000001,8198915.990000001,8198915.990000001,4864266.490000001,4864266.490000001,4864266.490000001,3260837.4399999995,3260837.4399999995,3260837.4399999995,6710338.849999999,8355281.319999998,8355281.319999998,28,29,29,23,23,23,4,4,4,9,10,10,0.0,0.0,0.0,0
